id,generated
0000aaaa,0.46402737498283386
1111bbbb,0.46528419852256775
2222cccc,0.4674229621887207
